Teeth,
Toe,
Scrotum,
Molar,
White Blood Cells,
Respiratory System,
Scrotum,
Sternum,
Tooth,
Skull,
Lungs,
Radius,
Lymph Node,
Calf,
Knee,
Collar Bone,
Penis,
Penis,
Chin,
Navel,
Skin,
Nose,
Throat,
Cock,
Scrotum,
Anus,
Elbow,
Scrotum,
Follicle,
Cock,
Cheek,
Ribs,
Vagina,
Urinary System,
Iris,
Vertebrae,
Shoulder,
Big Toe,
Tibia,
Thumb,
AdamS Apple,
Hip,
Appendix,
Spinal Column,
Immune System,
Pinky,
Foot,
Cock,
Finger,
Humerus,
Fibula,
Testes,
Eyelashes,
Diaphragm,
Urethra,
Scrotum,
Stomach,
Red Blood Cells,
Cock,
Mandible,
Vagina,
Brain,
Scrotum,
Ankle,
Clavicle,
Palm,
Gums,
Ear,
Circulatory System,
Eye,
Rectum,
Penis,
Vertebrae,
Back,
Cock,
Hand,
Nipple,
Buttocks,
Larynx,
Sacrum,
Scalp,
Penis,
Pelvis,
Pupil,
Penis,
Cock,
Endocrine System,
Vein,
Penis,
Uterus,
Mouth,
Trachea,
Forehead,
Thorax,
Liver,
Pharynx,
Scrotum,
Nostril,
Cervix,
Face,
Vertebra,
Patella,
Vagina,
Thyroid,
Vagina,
Blood Vessels,
Leg,
Thigh,
Vagina,
Skeleton,
Neck,
Cock,
Scrotum,
Eyebrow,
Esophagus,
Ball Of The Foot,
Eyelid,
Gallbladder,
Cock,
Feet,
Torso,
Bladder,
Scrotum,
Phalanges,
Heart,
Kidney,
Belly Button,
Toenail,
Spinal Cord,
Cock,
Scapula,
Ovary,
Fallopian Tubes,
Organs,
Spine,
Tonsils,
Tissue,
Cock,
Tendon,
Scrotum,
Penis,
Shin,
Groin,
Vagina,
Cock,
Breast,
Heel,
Metatarsal,
Penis,
Penis,
Abdomen,
Belly,
Chest,
Pancreas,
Nerves,
Lip,
Shoulder Blade,
Finger,
Femur,
Jaw,
Scrotum,
Penis,
Pore,
Digestive System,
Head,
Hair,
Ear Lobe,
Uvula,
Wrist,
Fingernail,
Waist,
Intestines,
Metacarpal,
Tongue,
Scrotum,
Spleen,
Blood,
