name,rating_count,rating_average,id
Kappo Sono / Koryori,88.0,5.0,58600
HAGS,21.0,5.0,59000
Ferdi,9.0,5.0,60060
4 Charles Prime Rib,18009.0,4.93348,834
Don Angie,17346.0,4.85956,1505
Sushi Zo,2650.0,4.89434,696
Sixty Three Clinton,1235.0,4.89879,52711
Shinn East,1145.0,4.86638,34687
NAKAJI,955.0,4.86178,10163
Sushi Ikumi,544.0,4.92463,40735
Taikun Sushi,340.0,4.9,50244
HIBINO - Brooklyn,292.0,4.87329,58533
Ito,280.0,4.91429,54504
Bar Lula,245.0,4.88163,57507
Accidental Bar,233.0,4.897,27607
Kono,207.0,4.90338,58459
Thirteen Water,195.0,4.86154,59903
Stafili Wine Cafe,172.0,4.88372,54637
Goodnight Sonny,139.0,4.86331,31546
Esora Omakase,122.0,4.86885,54582
Blue Haven-West Village,115.0,4.85217,50804
Lobby Lounge,76.0,4.89474,60639
Sant Ambroeus - Brookfield Place,55.0,4.89091,57316
Potluck Club,40.0,4.9,63514
Parcelle,38.0,4.89474,59471
Mister Paradise,30.0,4.86667,51561
noma - Events,25.0,4.88,57543
Grape & Grain NYC,23.0,4.86957,56489
Pep's on Grand,21.0,4.85714,54519
Felice on Hudson,18.0,4.94444,59075
Beyond Meat & Gregorys - Brooklyn,17.0,4.94118,46980
Figaro NYC,14.0,4.92857,60931
Della's,14.0,4.92857,60351
MP Governors Island,13.0,4.92308,52210
Mr. Fong's,9.0,4.88889,41775
Loring Place,27932.0,4.76174,679
Pastis,27742.0,4.78149,6484
Rubirosa,22519.0,4.84489,466
I Sodi,13974.0,4.80614,443
Au Cheval - NYC,8990.0,4.75362,5769
L'Artusi,7210.0,4.79681,25973
Via Carota,7030.0,4.75249,2567
Raoul's,6955.0,4.84285,7241
Sushi Nakazawa NY,6288.0,4.77767,5589
Minetta Tavern,4568.0,4.76686,9846
Raku Soho,4408.0,4.83485,2026
Jeffrey's Grocery,4186.0,4.75896,395
Cervo’s,4149.0,4.77946,1385
Joseph Leonard,4104.0,4.82822,394
Colonie,3624.0,4.83333,1999
Hanoi House,3574.0,4.8103,4272
Dirt Candy,2999.0,4.81994,29371
Fairfax,2876.0,4.7573,1689
The Dead Rabbit,2670.0,4.82959,38660
Popina NYC,2598.0,4.82602,1340
Dear Irving Gramercy,2525.0,4.78495,5273
Tuome,2431.0,4.76964,6610
Noreetuh,2262.0,4.82759,5025
MOKYO,2254.0,4.84827,38941
Flex Mussels- WV,2175.0,4.77747,3534
La Vara,2142.0,4.81046,28927
Dame,2090.0,4.84019,34341
Forsythia,2020.0,4.77673,27809
Kings Co Imperial - Lower East Side,1907.0,4.80336,2738
Russ & Daughters Cafe,1874.0,4.75347,4600
da Toscano,1761.0,4.79387,8568
Tomiño Taberna Gallega,1638.0,4.75519,50250
La Compagnie des Vins Surnaturels,1604.0,4.82668,5664
Golden Diner,1546.0,4.77038,9520
MAMO Restaurant,1523.0,4.75246,50930
Houseman,1482.0,4.77733,5470
The Up & Up,1399.0,4.78556,8550
Bobo NYC,1371.0,4.75857,53199
Berimbau Brazilian Kitchen,1367.0,4.75055,37288
The Bar at Manhatta,1332.0,4.76952,59549
The Mary Lane,1204.0,4.75664,54342
L'Appart,1159.0,4.84642,1770
Sonnyboy,1154.0,4.7513,4530
Malaparte,1089.0,4.76951,52426
Overstory,1085.0,4.81475,53052
Farra,1036.0,4.80598,7481
Luthun,1025.0,4.78146,6369
FERNS,1021.0,4.75318,2073
Balvanera,959.0,4.78206,7140
Bar Six,901.0,4.7636,28409
SAGA,864.0,4.81713,52855
L'accolade,791.0,4.82301,25120
Shabu Tatsu,777.0,4.8018,36758
Barbuto,758.0,4.75858,9649
Chito Gvrito,737.0,4.75848,50320
The Little Shop,728.0,4.80769,36432
Torien,718.0,4.83983,7318
Em Vietnamese Bistro,652.0,4.76074,51471
Spaghetti Incident,634.0,4.75868,6327
Ama Raw Bar,621.0,4.78261,50258
Cafe Spaghetti,619.0,4.83037,59220
l'abeille,552.0,4.79348,59006
Saint Julivert Fisherie,497.0,4.83099,54714
Omakase Room by Mitsu,451.0,4.80266,7519
Oiji Mi,443.0,4.79684,58543
Matsunori,440.0,4.77045,58553
8282,439.0,4.80182,54395
Sushi Kai,314.0,4.75796,54894
Hudson Hall,272.0,4.75735,3210
Ama Raw Bar - West Village,270.0,4.8,55270
The Belfry,267.0,4.7603,1513
The Noortwyck,255.0,4.83137,58972
CocoPazzo Restaurant & Pizzeria,248.0,4.75403,50893
Pips,241.0,4.75104,9058
Sushi Teru Omakase,226.0,4.76106,44359
St. Jardim,171.0,4.83626,59132
Motorino,165.0,4.84242,52420
The Wayland,162.0,4.83951,38101
Gouie New York,159.0,4.79245,57170
Martiny's,156.0,4.82692,60243
TLK - by Tigerlily Kitchen,140.0,4.79286,58637
Marylou,126.0,4.80159,59859
Smør,124.0,4.84677,58326
Essex Pearl,116.0,4.77586,58951
Metrograph Commissary,81.0,4.75309,57502
Kesté Pizza & Vino,79.0,4.75949,59213
Manero's Bar & Restaurant,78.0,4.75641,52800
Sushi Lab - East Village,43.0,4.7907,61135
Champers Social Club,25.0,4.76,60445
Morgenstern's Finest Ice Cream,23.0,4.82609,53170
SET LES,16.0,4.75,10173
Gotham,12.0,4.83333,7104
Prodigy Wine,8.0,4.75,58355
Union Square Cafe,38136.0,4.73964,698
Charlie Bird,24063.0,4.66766,5
Pasquale Jones,19934.0,4.69188,440
Emily WV,19211.0,4.70454,1325
Shuka,17208.0,4.71339,1575
Carbone,14707.0,4.74998,6194
il Buco,13686.0,4.68062,675
Fish Cheeks,13059.0,4.70809,693
Dante,10417.0,4.6691,1290
Shuko,9333.0,4.74703,496
The Tavern at Gramercy Tavern,8517.0,4.73653,3731
abcV by Jean-Georges,8384.0,4.66186,5256
Vic’s,8000.0,4.74,2790
Tokyo Record Bar,6861.0,4.68897,1518
Estela,6828.0,4.73301,4288
Altro Paradiso,6596.0,4.6983,4290
Nami Nori West Village,6592.0,4.73984,7425
Claudette,5620.0,4.69982,47
French Louie,5534.0,4.71016,2018
il Buco Alimentari e Vineria,5510.0,4.71125,6583
Llama San,5491.0,4.68184,4450
Wayla,5013.0,4.74845,5192
Soothr,4161.0,4.72435,50440
Morandi,3898.0,4.65059,26
Harry's,3788.0,4.68031,1865
Shoo Shoo,3768.0,4.67144,4044
Thai Diner,3624.0,4.73096,49453
Gage & Tollner,3330.0,4.66547,10123
Clinton St. Baking Co,3189.0,4.71402,2078
Perry Street by Jean-Georges & Cedric,2909.0,4.71674,5966
Raines Law Room,2834.0,4.69478,5886
Wallsé,2801.0,4.66476,6589
Miss Lily's 7A Cafe & Rum Bar,2596.0,4.66371,1968
Indochine,2525.0,4.67366,32470
Van Da,2412.0,4.70937,5380
Mathews Food & Drink,2401.0,4.6918,1071
Thai Villa,2339.0,4.68833,52944
Chama Mama Chelsea,2214.0,4.72448,44082
Wall Street Grill,2201.0,4.7015,5371
The Dining Room at Gramercy Tavern,2145.0,4.72681,52209
Vinegar Hill House,2118.0,4.65675,5456
SHION 69 Leonard Street,2115.0,4.66572,888
Urban Vegan Kitchen,2098.0,4.70067,4908
Boqueria Soho,2059.0,4.67411,27219
June Wine Bar,1938.0,4.68266,1016
Roey's,1917.0,4.71205,2524
Momofuku Ko,1916.0,4.66388,3238
Corkbuzz Wine Studio,1894.0,4.68585,994
One White Street,1887.0,4.72496,49137
North Square Restaurant & Lounge,1827.0,4.70991,1402
The Clam,1794.0,4.71906,44018
Left Bank,1745.0,4.65616,5089
Nowon,1708.0,4.70726,8541
Eleni's NYC Restaurant,1690.0,4.70828,9984
Jolene,1644.0,4.73297,7015
232 Bleecker,1431.0,4.72607,33867
La Lanterna di Vittorio,1283.0,4.6781,27758
The Back Room at Double Chicken Please,1237.0,4.74535,42534
Jack & Charlie's 118,1206.0,4.72056,55266
Osteria Carlina,1196.0,4.72241,50417
Emmetts,1193.0,4.6689,3946
Pig and Khao,1154.0,4.68718,44151
Temple Bar,1140.0,4.71404,54784
Anton's,1097.0,4.72197,7979
Due West,1073.0,4.726,1990
Pepolino,1056.0,4.7197,50653
Spicy Moon West Village,1056.0,4.65814,31196
The Nines,1029.0,4.70068,7490
Ruffian,1027.0,4.68647,27786
MáLà Project East Village,956.0,4.70084,6410
The Wild Son,943.0,4.68823,3018
Amelie Wine Bar,906.0,4.68653,42565
Blossom on University,864.0,4.74653,36898
Juku,844.0,4.68602,4905
Gem,821.0,4.7296,49194
Omen Azen,810.0,4.71605,4588
Orale Mexican Kitchen (Jersey City),796.0,4.7299,49278
Analogue,738.0,4.74255,5902
Estancia 460,730.0,4.70274,2594
CICCIO Bar & Alimentari,729.0,4.738,10254
Vineapple,699.0,4.71102,44532
Marian's,688.0,4.73837,58325
The Izakaya,678.0,4.67109,3190
Banzarbar,667.0,4.71064,3400
Bird Dog NY,601.0,4.6589,55553
Pie Night At Dominique Ansel Bakery,578.0,4.7474,1528
Tzarevna,530.0,4.6717,5942
HIROHISA,530.0,4.71698,40734
Subject: A Cocktail Bar,510.0,4.65882,1657
Bellini Seaport,507.0,4.67456,46355
Le Gratin,499.0,4.73146,60029
3 Giovani,478.0,4.73431,50275
White Oak Tavern,466.0,4.6588,43934
Dullboy,457.0,4.70022,49321
Felice Montague,454.0,4.68282,55738
White Star Warren Street,442.0,4.69683,1072
Casa Brazilian Restaurant,432.0,4.68287,50933
AOI Kitchen,399.0,4.65915,42048
Reserve Cut,385.0,4.71169,58431
ONDO,381.0,4.71391,60289
Terroir,376.0,4.73936,52704
Wicked Jane,375.0,4.744,10358
The Flower Shop,371.0,4.66577,42291
little rascal,355.0,4.65634,34945
Saigon Social,336.0,4.66964,10494
Ollie,325.0,4.66769,40725
Corner Bar,300.0,4.73667,59068
Nudibranch,299.0,4.71906,59010
Sidney's Five,289.0,4.70588,52916
Oak Tuscan Truffle Lounge,288.0,4.74306,10631
Azasu,286.0,4.74825,3494
Tacombi - Financial District,276.0,4.71377,9888
ZZ's Clam Bar,273.0,4.69231,6249
Entwine,261.0,4.67816,46778
Clover Hill,251.0,4.74502,58842
Wan Wan,243.0,4.69547,59570
Mino Brasserie,242.0,4.65289,59300
Pete's Tavern,238.0,4.71849,53268
Osteria Del Porto,213.0,4.68075,52541
Mareluna,200.0,4.725,58606
Jose Luis,198.0,4.65657,52603
The Grand Delancey,197.0,4.72589,37862
Skin Contact Wine Bar,155.0,4.74194,50714
Studio 151,136.0,4.69853,53695
Sami & Susu,133.0,4.69173,58776
Pretty Ricky's,129.0,4.67442,8270
Beyond Sushi Mulberry,126.0,4.72222,45007
Cafe Mogador - East Village,126.0,4.73016,34985
Inatteso Pizzabar,126.0,4.7381,10531
Juke Bar,116.0,4.7069,48637
Sauce Restaurant,101.0,4.70297,59476
Bongos,99.0,4.67677,59853
La Marchande,88.0,4.71591,59156
Mr Capri,82.0,4.68293,59674
The Mayfly,82.0,4.71951,54916
CocoShack,79.0,4.74684,60352
Figure 19,76.0,4.73684,51164
Belse Restaurant and Brewery NYC,71.0,4.71831,59164
The Penny Farthing,71.0,4.66197,55711
The Copper Still - East Village,63.0,4.69841,49684
Sushi on Jones - LES,58.0,4.72414,59384
Bar Primi,50.0,4.66,52614
Desi Garden by Desi Galli,49.0,4.65306,52968
Phebe's Tavern & Grill,47.0,4.74468,55708
Post,29.0,4.72414,58469
Chela Tribeca,28.0,4.71429,62925
Bar Pasquale,23.0,4.65217,53107
American Cut Tribeca,23.0,4.65217,35663
Nikutei Futago,19.0,4.73684,7069
Le Dive,14.0,4.71429,60381
Bâtard,12.0,4.66667,52972
King's Cafe,9.0,4.66667,59161
The Paris Cafe,7.0,4.71429,64112
Mila's Bistro,6.0,4.66667,60604
Bella Ciao,3.0,5.0,51806
Marcellino Pizzeria,,5.0,51895
Verve Wine,,5.0,27540
Quality Eats WV,18216.0,4.62785,362
King,15334.0,4.58243,646
Frenchette,14338.0,4.6132,1946
Rosie’s,12014.0,4.61845,725
Motel Morris,10034.0,4.63604,1065
Wayan,7344.0,4.64978,4599
Pinch Chinese,7036.0,4.57376,987
Celestine,7007.0,4.57728,1616
MIMI,6791.0,4.62053,581
Jeju Noodle Bar,6710.0,4.59434,1543
Rosemary's,6623.0,4.62041,2
Semma,5918.0,4.55728,1263
American Bar - New York,5223.0,4.57936,9906
Crown Shy,4925.0,4.64487,10726
Battello,4688.0,4.60879,4748
The Tyger,4489.0,4.64224,34814
Balaboosta,4441.0,4.59424,27
Sadelle's,4358.0,4.63722,29967
Osteria 57,4106.0,4.57185,1601
Follia,4004.0,4.57293,691
Huertas,3830.0,4.59478,55
Niche Niche,3822.0,4.56201,5206
Kubeh,3652.0,4.63965,1994
Emmy Squared East Village,3510.0,4.60028,2724
HWA YUAN SZECHUAN,3421.0,4.57819,1693
The Musket Room,3366.0,4.58259,3630
Madame Vo NYC,3278.0,4.62538,2352
DOMODOMO New York,3141.0,4.59249,43111
Ernesto’s,3111.0,4.56927,6588
19 Cleveland,2995.0,4.57496,3899
Boutros,2922.0,4.57118,761
La Pecora Bianca - Soho,2591.0,4.56928,39190
Rafele Ristorante,2562.0,4.64754,3597
Tacombi - NoLita,2530.0,4.61462,637
DOMODOMO Jersey City,2517.0,4.64482,43109
Balthazar,2482.0,4.64384,50227
Tacombi - Bleecker,2135.0,4.55831,640
SakaMai,2041.0,4.63155,2052
Torch & Crown Brewery & Restaurant,2032.0,4.63386,31537
Air’s Champagne Parlor,1933.0,4.63476,1344
Dante West Village,1879.0,4.63332,9675
Blue Smoke Battery Park City,1850.0,4.57514,3038
Friend of a Farmer,1846.0,4.58017,6570
Supper,1815.0,4.6,10412
Fraunces Tavern,1802.0,4.56049,45213
A Pasta Bar (aka Sola Pasta Bar),1669.0,4.61654,10272
Roxy Bar,1623.0,4.64202,10120
Beecher's - The Cellar,1439.0,4.55733,842
Alice,1426.0,4.5575,42292
Epistrophy,1358.0,4.61046,3747
Villanelle,1354.0,4.60635,2628
Popular,1263.0,4.63895,5295
Dirty French,1251.0,4.61151,35679
Barrio Chino,1158.0,4.61226,4347
Nat's on Bank,1154.0,4.64298,52212
Hasaki,1145.0,4.63231,2311
Peasant,1133.0,4.57635,50826
Please Don't Tell (PDT),1033.0,4.56341,10500
Chez Moi,1022.0,4.62231,51978
Silver Apricot,1022.0,4.56849,10578
Kindred,1021.0,4.62096,7618
Jajaja Mexicana - West Village,998.0,4.62826,52801
Dudley's,971.0,4.63646,3646
Buvette NYC,934.0,4.56317,4241
Alma,897.0,4.59643,8424
Ed’s Lobster Bar,795.0,4.5522,2427
The HiHi Room by Court Street Grocers,792.0,4.6351,8582
Basta Pasta,778.0,4.60411,10390
Laut,775.0,4.60903,43969
Il Corallo Trattoria,742.0,4.60108,51448
Canto West Village,709.0,4.55994,55598
Little Ways,707.0,4.56577,37837
"The Lavaux, Swiss Wine and Fondue Bar",690.0,4.61014,37352
Yellow Rose,678.0,4.64307,53048
Kissaki Omakase Bowery,612.0,4.56373,54902
Genesis House Restaurant curated by Onjium,610.0,4.58197,53974
Las' Lap,609.0,4.63875,2886
Kuxé,577.0,4.59619,50918
Bacaro NYC,572.0,4.62937,8353
15East at Tocqueville,567.0,4.57496,37591
The Smile,559.0,4.56172,42658
The Half Pint,500.0,4.606,3308
Anassa Taverna - Downtown,460.0,4.58696,54343
Isabelle's Osteria,458.0,4.56114,42359
Roman Nose,456.0,4.59211,1075
The Django,445.0,4.5618,58129
Ingas Bar,411.0,4.61557,59402
Marathi Greek Bistro,409.0,4.59658,32152
Little Prince,371.0,4.55256,54193
Snack Taverna,357.0,4.59384,52818
Biga Bite,342.0,4.5848,38670
Takumi Omakase,336.0,4.6131,59638
Lelabar,331.0,4.55287,44872
Jajaja Mexicana - Lower East Side,300.0,4.62,52802
Favela Cubana,292.0,4.56849,10673
Paisley,284.0,4.64437,54812
THE IZAKAYA NYC on 4th,284.0,4.62324,10258
Temperance Wine Bar,277.0,4.58123,54383
Cha Kee,274.0,4.60219,54449
Double Zero,272.0,4.63603,8037
TAGMO,270.0,4.61481,54518
Broadstone Bar & Kitchen,266.0,4.57143,7947
Momofuku Noodle Bar East Village,264.0,4.64015,6626
Market Table,253.0,4.55336,50091
Sushi by M,247.0,4.60729,60919
David's Cafe,237.0,4.56962,3832
Bohemien Bar,207.0,4.57005,51975
Bowery Meat Company,202.0,4.55941,50689
Coarse NYC,158.0,4.56329,41970
Somewhere in Nolita,149.0,4.58389,53146
Excuse My French,139.0,4.61151,55198
Via Della Pace,122.0,4.63115,9792
Saint Tuesday,121.0,4.64463,60484
Cooper's Craft & Cocktail: East Village,84.0,4.60714,49945
"Sekai, Omakase",76.0,4.57895,59904
The Dutch,62.0,4.56452,50095
The Gray Mare,45.0,4.57778,50424
Wallsé Next Door,39.0,4.58974,54586
Carne Mare,36.0,4.63889,55555
Sofia's of Mulberry,16.0,4.5625,26713
Beyond Meat & Gregorys - Broadway,15.0,4.6,46977
Casa D' Angelo,5.0,4.6,60516
Numero 28 East Village,5.0,4.6,59218
Tsurutontan Union Square,14757.0,4.4669,560
abc Kitchen by Jean-Georges,10033.0,4.54121,5255
Chinese Tuxedo,9664.0,4.52866,818
La Mercerie at The Guild,7290.0,4.50494,4368
Lola Taverna,5236.0,4.49599,7502
The Spaniard,5159.0,4.49215,1435
abc Cocina by Jean-Georges,5128.0,4.49863,5257
Freemans,4821.0,4.50612,223
St Tropez West Village,4454.0,4.54243,1892
Cafeteria,3875.0,4.48258,1830
12 Chairs Cafe Soho,3735.0,4.51245,4994
La Contenta Oeste,3562.0,4.45873,1927
Dhamaka,3408.0,4.48327,48994
Hudson Clearwater,3227.0,4.49148,5853
Gran Eléctrica,3027.0,4.54906,2001
Au Za’atar East Village - 12th street,2867.0,4.45902,3708
Terra,2679.0,4.48003,891
El Vez NY,2663.0,4.54375,8493
Lil' Frankie's,2491.0,4.47772,10413
Sushi on Jones West Village,1771.0,4.52682,5972
Veranda,1674.0,4.45878,50229
Vestry,1658.0,4.45476,10434
SOOGIL,1569.0,4.47291,2023
Suprema Provisions,1553.0,4.52479,7370
Bar Moga,1521.0,4.54767,2051
The Bar Room at The Beekman,1515.0,4.45413,40703
Mace,1448.0,4.46685,3065
Nom Wah Tea Parlor,1394.0,4.53659,483
Una Pizza Napoletana,1182.0,4.48816,6066
Jackdaw,1073.0,4.46132,37849
Frank,1064.0,4.53477,10411
Bistro La Source,1036.0,4.52703,4885
Toro Loco,937.0,4.46638,7403
Sushi on Jones - Bowery,910.0,4.48462,5992
Canary Club,809.0,4.51051,7964
The Wren,769.0,4.49285,1581
Randolph Beer - DUMBO,752.0,4.49069,1797
The Leroy House,742.0,4.53369,53698
Bandits,739.0,4.5115,51904
Special Club,709.0,4.52327,6492
Employees Only,689.0,4.4717,35203
Grand Bar & Salon at Soho Grand,650.0,4.50308,10483
The Woo,615.0,4.50569,51429
Emmett's On Grove,602.0,4.53821,58219
Gelso and Grand,582.0,4.50515,52799
Red Paper Clip,513.0,4.48733,43018
Cook with the Pros Virtual Series,512.0,4.52734,28661
Bar Verde,510.0,4.51176,8036
The Stand NYC,485.0,4.49072,6937
Temple Court,484.0,4.47521,54402
Momofuku Ssäm Bar,480.0,4.45208,6654
Momoya - Soho,454.0,4.48899,59558
La Pecora Bianca - Meatpacking,447.0,4.45861,58887
Mémé on Hudson,446.0,4.50224,51793
Dimes,395.0,4.48737,4043
Lovely Day,393.0,4.50382,36436
bbf,368.0,4.47283,53099
La Loteria,366.0,4.53552,50894
Bondi Sushi Bar - Nolita,358.0,4.5419,31204
Casa Bocado,341.0,4.5132,7107
Amity Hall,288.0,4.51042,3296
Sushi Dojo,264.0,4.46591,53195
Amigo by Nai,248.0,4.49597,50045
Nonna Beppa,216.0,4.53241,52783
J-Spec Wagyu Dining,200.0,4.525,45268
The Garret East @ Borrachito,195.0,4.47179,50732
Arthur & Sons NY Italian,176.0,4.48295,56563
Piacere,175.0,4.54286,51152
Sant Ambroeus - Soho,158.0,4.4557,54225
Egg Shop Nolita,156.0,4.48718,57493
Boulton and Watt,149.0,4.53691,52867
Happy Be,145.0,4.51724,51540
Les Trois Chevaux,142.0,4.54225,51336
Misirizzi,119.0,4.5042,58489
Trapizzino,103.0,4.52427,53071
Osteria Morini,95.0,4.49474,57645
Locanda Verde,79.0,4.4557,52612
Souvlaki GR LES,74.0,4.54054,8237
Felice 15 Gold,62.0,4.53226,59610
Two Hands Nolita,61.0,4.45902,58125
Saishin by Kissaki,60.0,4.46667,57174
Greca,58.0,4.48276,54357
Lafayette Grand Café & Bakery,31.0,4.54839,52613
The Ten Bells,27.0,4.51852,5748
Schilling,23.0,4.52174,10392
Thalassa Restaurant,16.0,4.5,53176
Ding A Ling,11.0,4.45455,58891
Maison Sun,8.0,4.5,50868
Esquire's Taste of Two Cities,3.0,5.0,8523
Unique Omakase,3.0,5.0,62919
Saint Downstairs,3.0,5.0,60987
Jose Luis Little Italy,3.0,5.0,60634
Buenos Aires,3.0,5.0,59379
Beyond Meat & Gregorys - Jersey City,3.0,5.0,46976
La Contenta,2.0,5.0,64010
GITANO Island,2.0,5.0,61029
Citizens of Soho,2.0,5.0,60841
dhom,1.0,5.0,64696
XEO Cantina,1.0,5.0,61154
Maestro Pasta,1.0,5.0,60111
Horus Cafe,,5.0,62477
Smyth Tavern,,5.0,61242
Makitiki,,5.0,60441
The Fulton by Jean-Georges,9900.0,4.43131,5932
Aria West Village,3047.0,4.40893,892
Kimika,2760.0,4.3779,30248
Saint Theo's,2328.0,4.39433,52984
Dr Clark,1668.0,4.39029,32520
Pinto Garden,1477.0,4.3541,5202
Loreley Beer Garden,1371.0,4.35959,1190
Circa Brewing Co,1365.0,4.44469,1444
Scampi,1316.0,4.39286,1913
Lure Fishbar,1244.0,4.44132,49982
Sel Rrose,1238.0,4.39822,5787
St Tropez Soho,1111.0,4.41494,4373
Hunan Slurp,914.0,4.42779,3221
The Happiest Hour,877.0,4.41049,3622
The Malt House FiDi,807.0,4.39901,3011
White Horse Tavern,750.0,4.43867,6273
Ofrenda,675.0,4.44593,10363
cloudM rooftop bar at citizenM Bowery,620.0,4.42903,3233
The Waverly Inn,521.0,4.4357,58422
Negril Village,466.0,4.36481,8525
The Commerce Inn,459.0,4.41176,53342
The Well Kitchen & Table,360.0,4.38611,9573
Smith & Mills,341.0,4.37537,42588
Sake Bar Decibel,339.0,4.42773,42686
Route 66 Smokehouse,333.0,4.36336,42647
Mezcali,332.0,4.43072,55202
Avena Downtown,330.0,4.3697,5713
Bar Tulix,329.0,4.42249,58996
Adoro Lei,321.0,4.42679,5510
Cagen Japanese Restaurant,302.0,4.44702,8351
Bell Book & Candle,295.0,4.42712,40644
BALADE,295.0,4.42373,10672
Panca,203.0,4.35468,50007
Little Rebel,196.0,4.42347,52654
Nai,138.0,4.42029,59005
Stout NYC Financial District,134.0,4.35821,1710
Seamore's Brookfield,121.0,4.42149,59703
Gugu Room,118.0,4.35593,60350
Gazab,104.0,4.35577,60097
Ye's Apothecary,97.0,4.43299,60980
The Perry Club by Pasta by Hudson,95.0,4.43158,57177
Pulqueria,91.0,4.37363,53767
Club Room at Soho Grand Hotel,86.0,4.44186,10482
Temakase,74.0,4.36486,59605
Bar Chrystie,69.0,4.43478,54658
Devon,63.0,4.36508,5009
Saito,60.0,4.4,60244
Iris Cafe,58.0,4.44828,59022
Angel's Share,49.0,4.36735,48530
Monte’s Trattoria,47.0,4.40426,40736
Somtum Der - East Village,34.0,4.44118,61156
Primo's,34.0,4.38235,58847
Liberty Bistro,5804.0,4.33356,175
Malibu Farm New York,4165.0,4.26074,7192
GupShup,2836.0,4.31805,6008
ATLA,2245.0,4.32962,47491
BABS,1618.0,4.28059,6600
Her Name Was Carmen,1314.0,4.33409,4042
The Butcher's Daughter - West Village,1077.0,4.32312,4922
Pietro Nolita,909.0,4.28273,3683
Sunday in Brooklyn / The Seaport,741.0,4.26856,30254
Estuary at ONE°15 Brooklyn Marina,684.0,4.2924,6813
Baar Baar,480.0,4.26042,58992
The Malt House Greenwich Village,422.0,4.30569,3253
Bellini at Harry's Table,406.0,4.31034,59544
Hancock St,314.0,4.32166,52316
Attraversa Tribeca,293.0,4.27986,3134
Mono + Mono,263.0,4.26616,59569
Grotta Azzurra Restaurant,214.0,4.34579,2968
Thaimee Love,132.0,4.31061,54792
Seamore's Dumbo,113.0,4.27434,59704
Oppa Bistro,113.0,4.28319,49478
solaro,75.0,4.28,34691
Bella Dea,70.0,4.34286,60683
Two Hands Noho,69.0,4.31884,8630
Fiat Cafe,54.0,4.33333,51814
Isabella NY,30.0,4.3,50831
Jing Fong,16.0,4.3125,49995
The Standard Biergarten,14.0,4.28571,58621
Little Charli,6.0,4.33333,62856
Lokal Eatery & Bar,1138.0,4.23023,47465
Pasta Eater,472.0,4.23305,8043
The Garret West,318.0,4.17925,50733
The Cabinet,308.0,4.22403,7036
Mollusca,305.0,4.20984,59077
Shmoné,290.0,4.16552,59072
American Whiskey Tribeca,125.0,4.192,5677
Zia Maria - Little Italy,107.0,4.16822,34941
Balzem,92.0,4.19565,49699
Chanson Le Salon,85.0,4.2,58278
Time,58.0,4.18966,60652
Two Hands Tribeca,55.0,4.23636,7991
Singlish,55.0,4.18182,60867
BòCàPhê Chelsea,42.0,4.21429,58969
JIMMY,40.0,4.175,29265
Bar a Vin,39.0,4.23077,54978
"The Garden at The Standard, East Village",24.0,4.20833,59993
Do Not Disturb,21.0,4.2381,62913
Eros Greek Cuisine,10.0,4.2,54885
SONA,3749.0,4.05548,49671
The Standard Grill,1193.0,4.06119,52869
Madame Vo BBQ,940.0,4.06489,4511
Gilligan's,853.0,4.10903,12282
The Butcher's Daughter - Nolita,731.0,4.07661,4914
Felix Restaurant,573.0,4.0733,8778
Lamano West Village,551.0,4.13249,2537
City Vineyard & Wine Garden at Pier 26,522.0,4.12069,9840
The Garret Coctelería,504.0,4.11508,49752
The Black Ant,257.0,4.11673,10362
Parm - Battery Park City,196.0,4.11735,7457
Brooklyn Farm,190.0,4.09474,5681
Bistrot Leo,122.0,4.08197,37241
El Ta'Koy,90.0,4.14444,6021
One19 Wine Bar + Food,51.0,4.13725,56575
The Standard Plaza,23.0,4.13043,58636
Tribeca Grill,18.0,4.05556,52969
Nomad Restaurant,10.0,4.1,10592
The Mercer Kitchen by Jean-Georges,2660.0,4.04586,27684
Soho Diner,1130.0,4.01947,6790
Buddha-Bar Restaurant New York,967.0,3.97518,52850
Sea Wolf Waterfront,307.0,4.01629,52805
Grey Lady NYC,176.0,3.95455,4871
North Fork,131.0,4.01527,50374
The Tuck Room - Fulton Market,78.0,3.98718,27572
Skinos Mediterranean Cuisine,58.0,4.0,54886
Make Believe,41.0,4.04878,26722
Zutto Japanese American Pub,12.0,4.0,50560
LUZ Market + Restaurant,6.0,4.0,60735
BABY BRASA,1304.0,3.87347,48156
Hotel Chantelle,849.0,3.91284,26407
Freehold In The Park,381.0,3.85039,51340
Mother Duck,239.0,3.87029,52839
Madam Ji Modern Indian Restaurant,230.0,3.94783,10242
Casa Mezcal,216.0,3.90278,8470
BòCàPhê SoHo,26.0,3.88462,58968
Rooftop at Exchange Place,1387.0,3.83273,9656
Saint,115.0,3.81739,58666
Jardin by Areppas,49.0,3.83673,29540
Benares Indian Restaurant - NYC,38.0,3.81579,58347
Love and Dough,12.0,3.83333,53303
Jane on Houston,6.0,3.83333,64571
Dante Seaport,281.0,3.69039,58736
NoMo Kitchen,264.0,3.72348,58690
Short Stories,216.0,3.69444,32967
Wild Restaurant,34.0,3.70588,57311
Local 92 Soho,6.0,3.66667,59251
Le Bain,230.0,3.58261,54207
Local 92 - East Village,15.0,3.53333,50372
STK Meatpacking,56.0,3.39286,35689
Please Don't Tell Calle San Marcos,14.0,3.35714,60882
Common Ground NYC,10.0,3.3,59229
Aromi,47.0,4.95745,59847
Alma Negra,46.0,4.97826,60050
Le Rock,36.0,4.97222,60459
Legacy Records Special Events,14.0,5.0,3685
Deux Chats,10.0,5.0,62570
K32 Rooftop,6.0,5.0,63525
KanaHashi,6.0,5.0,59637
The Four Horsemen,5002.0,4.87225,2492
Corto,3752.0,4.89152,4926
JUA,2766.0,4.85069,8266
Razza,2578.0,4.86268,1852
Otis,1759.0,4.88971,5910
Pizza Moto,1541.0,4.85788,1502
Etcetera Etcetera,1508.0,4.85809,33863
Ras Plant Based,1085.0,4.8977,10473
Franks Wine Bar,950.0,4.85684,3431
Sushi Lin,689.0,4.90276,6429
Pomp & Circumstance,636.0,4.85849,6383
Bo Peep Cocktail & Highball Store,624.0,4.86859,51236
The Polo Bar,527.0,4.926,6439
Casellula,472.0,4.91525,54471
The Kitchen Table at The Modern,391.0,4.92839,2789
Sundays Well,346.0,4.87572,33634
Runner Up,292.0,4.90753,59994
Panchitas Place,278.0,4.88849,32437
TALEA Beer Co.,194.0,4.85052,58916
Emma's Torch,151.0,4.86755,53738
OKONOMI/YUJI Ramen,139.0,4.89928,59622
Agi's Counter,129.0,4.86822,59469
Arden,86.0,4.86047,58865
NUBIANI,73.0,4.93151,60933
ostudio,58.0,4.94828,60371
Santa Fe BK,32.0,4.90625,63527
Johnny Pepperoni,27.0,4.85185,59826
The Fly,27.0,4.88889,5644
Beyond Meat & P.S. Kitchen,13.0,4.92308,46981
West End,9.0,4.88889,60791
Green Pear Heights,9.0,4.88889,59832
Lilia,33958.0,4.77184,418
Le Bernardin,18277.0,4.79645,1387
Keens Steakhouse,15887.0,4.75364,3413
Sushi Seki Chelsea,10376.0,4.75357,49
Miss Ada,9934.0,4.80642,1246
Peak,7827.0,4.75674,10087
Le Crocodile,6017.0,4.76517,8302
Kings Co Imperial - Williamsburg,5793.0,4.83118,608
Roman's,5170.0,4.84081,1003
Evelina,4725.0,4.77968,1851
Red Hook Tavern,4385.0,4.83603,6377
Shukette,4331.0,4.83145,8579
Traif,4228.0,4.75568,707
Oxalis,4041.0,4.83346,3911
LaRina Pastificio & Vino,3922.0,4.76543,611
Kochi,3857.0,4.76536,8346
Haenyeo,3651.0,4.82416,4951
Sofreh,3255.0,4.82488,27154
Pasta Louise,2973.0,4.81265,41761
Hart’s,2781.0,4.77562,1386
Cellar 335,2611.0,4.78437,1527
Buttermilk Channel,2609.0,4.80107,5186
Roberta's,2568.0,4.78972,6003
St. Anselm,2554.0,4.7592,32467
Aita Restaurant,2553.0,4.77164,3246
Trattoria Trecolori,2512.0,4.76911,50763
LaLou,2440.0,4.79549,6725
Colonia Verde,2426.0,4.82811,4626
The Modern,2398.0,4.8015,7369
Francie,2213.0,4.7962,17392
Tonchin New York,2206.0,4.79918,35883
MONTESACRO,1990.0,4.77839,6689
West Bank Cafe,1664.0,4.78786,7489
Sweetwater Restaurant,1644.0,4.76399,8767
Aldo Sohm Wine Bar,1580.0,4.77722,1388
Hatsuhana Sushi Restaurant,1562.0,4.79577,36583
Leland Eating and Drinking House,1541.0,4.8209,37987
Madre,1477.0,4.77387,6094
Yakitori Torishin,1414.0,4.82744,1330
Bar Bête,1386.0,4.81457,8475
win son,1366.0,4.84993,8556
Nami Nori Williamsburg,1364.0,4.77053,54466
Laser Wolf Brooklyn,1212.0,4.76238,58848
Leo,1208.0,4.80132,34822
Nura,1130.0,4.77434,54336
Mari,1088.0,4.80055,54791
Sagaponack,1065.0,4.75117,36910
Winona's,1032.0,4.76357,42650
The Marshal,1030.0,4.75825,35884
Maison Premiere,1028.0,4.81907,51628
El Parador Cafe,1021.0,4.78355,6559
Santo Brúklin,1013.0,4.79072,10729
Bonnie's,1011.0,4.80712,54591
Cozy Royale,1010.0,4.76436,32431
Le Fond,979.0,4.76915,1191
Michael's Restaurant,934.0,4.83191,50806
Top Quality,933.0,4.76527,32439
Sushi Zo Midtown,843.0,4.80902,1359
Greenpoint Fish & Lobster Co.,812.0,4.77709,52205
FRADEI,807.0,4.84139,49753
Krupa Grocery,754.0,4.82095,53378
Ardesia Wine Bar,747.0,4.84471,36590
Pepe Giallo,736.0,4.75679,50277
Place des Fêtes,723.0,4.83956,59848
SUSHI ANN,712.0,4.76826,41951
al di là Trattoria,539.0,4.77551,53693
Bar Camillo,535.0,4.77944,25112
Nonna Dora's,480.0,4.77083,59960
J. Bespoke,416.0,4.82212,6105
Coletta,412.0,4.78155,58982
LORE,374.0,4.78342,58523
Takumen,364.0,4.81044,33632
Sama Street,317.0,4.8265,6905
Tacombi - Williamsburg,315.0,4.76508,7942
The Franklin,314.0,4.77389,9849
Tia Pol,313.0,4.82748,55569
Rucola Restaurant,306.0,4.78758,50791
Bar Goto Niban,291.0,4.82474,32621
Turntable LP Bar & Karaoke,287.0,4.78746,38015
Karczma Polish Restaurant,277.0,4.79061,51649
Omakase by korami,245.0,4.82857,51762
Sanyuu West,238.0,4.78992,58894
Patsy’s Pizza,236.0,4.75424,28931
Cull & Pistol,235.0,4.76596,52635
San Giuseppe,219.0,4.81735,26697
El Pingüino,198.0,4.79293,58513
Salinas,196.0,4.83163,50746
53,188.0,4.7766,60303
Oita - NYC,128.0,4.77344,58607
The Landing at Penn1,103.0,4.76699,58864
Sally's,101.0,4.78218,43197
Dinner Party,92.0,4.83696,60228
Koko's,89.0,4.76404,55248
Chino Grande,84.0,4.78571,60650
Lucali NY,80.0,4.8125,54876
Sobre Masa,69.0,4.76812,60200
Maggie's Place,62.0,4.80645,54657
The Rusty Face,56.0,4.76786,59041
We Got Company,55.0,4.76364,37479
Shan山川,43.0,4.7907,60346
The Gem Saloon,42.0,4.7619,55712
Osteria Brooklyn,31.0,4.80645,62902
Tonchin Brooklyn,30.0,4.83333,59933
Whitmans- Hudson Yards,29.0,4.75862,60105
Peppercorn Station,17.0,4.82353,60104
Somtum Der - Red Hook,14.0,4.78571,61155
Friends and Lovers,9.0,4.77778,51558
Bar Bolinas,8.0,4.75,39403
Llama Inn,17367.0,4.71734,571
Olmsted,16912.0,4.7312,1124
ATOBOY,16145.0,4.71836,587
Misi,14608.0,4.71564,3015
Rezdôra,12412.0,4.65147,5771
Oxomoco,10543.0,4.7495,2601
Cookshop,9785.0,4.74727,5230
Claro,8458.0,4.72842,1621
Chez Ma Tante,8183.0,4.72846,1220
Fausto,7712.0,4.74728,1866
Her Name is Han,7428.0,4.72523,1010
Emmy Squared Williamsburg,7003.0,4.72883,486
Emily BK,6660.0,4.73724,405
Rule of Thirds,5064.0,4.65541,6012
Ci Siamo,4771.0,4.71767,54724
Karasu,4758.0,4.67297,519
The Bar Room at The Modern,4696.0,4.74532,7295
Di An Di,4684.0,4.74957,2727
Le Pavillon,4574.0,4.71404,50955
Le Bilboquet NY,4274.0,4.67993,10665
Frankies 457 Spuntino,4107.0,4.66277,650
La Pecora Bianca - Midtown,3774.0,4.66031,29886
Xixa,3693.0,4.68698,708
Avra Madison,3595.0,4.73491,54578
PS Kitchen,3420.0,4.67164,5856
Sakagura,3039.0,4.65877,2941
ViceVersa,3025.0,4.7481,1578
Speedy Romeo - Brooklyn,3016.0,4.68667,469
Walter's,2966.0,4.67768,653
Morso Restaurant,2945.0,4.73005,3691
Diner,2797.0,4.65999,2038
Locanda Vini & Olii,2664.0,4.72598,927
44 & X Hell's Kitchen,2573.0,4.69413,7433
Insa,2494.0,4.68484,450
Barbes Restaurant,2327.0,4.72497,5210
Yoon Haeundae Galbi,2021.0,4.65611,49338
Orale Mexican Kitchen (Hoboken),1978.0,4.66178,3682
The Orchard Townhouse,1952.0,4.66752,8275
Dino & Harry's Steak House,1887.0,4.69687,3782
Fresco by Scotto,1877.0,4.72616,51238
Avra Estiatorio,1835.0,4.69537,54475
Mayfield,1832.0,4.65229,2238
Victor's Cafe,1785.0,4.74286,46970
Cafe Paulette,1771.0,4.67024,7440
THE GRILL,1693.0,4.74778,10389
Osamil,1588.0,4.66625,5399
Peter Luger Steak House,1543.0,4.69605,4287
Pheasant,1529.0,4.74559,3073
The Ragtrader,1508.0,4.66313,43594
Kitchen Step,1420.0,4.72465,4931
Antique Bar & Bakery,1387.0,4.73756,42688
Sociale,1369.0,4.68079,3301
Bar Blondeau,1357.0,4.65512,1054
LittleMad,1306.0,4.67075,52416
Izakaya MEW,1270.0,4.73858,30189
Take31,1243.0,4.6959,5225
Olea,1212.0,4.7467,49188
Gersi BKL,1167.0,4.7078,26425
Juban,1165.0,4.69871,1285
Street Taco,1151.0,4.67159,32211
Maki Kosaka,1142.0,4.7014,33926
Tabaré Williamsburg,1107.0,4.71183,1403
Raines Law Room at the William,1057.0,4.66604,8283
The Lobster Club,1020.0,4.66961,35694
Hamilton Inn,1007.0,4.65343,6084
Le Fanfare,1007.0,4.65442,6076
HYUN,983.0,4.74364,9694
Fulgurances,977.0,4.72057,50956
Casa Ora,954.0,4.67505,7563
Anella,883.0,4.68969,3688
Mel's,868.0,4.67972,58524
Loreto Italian Kitchen & Bar,834.0,4.74341,50166
Rosemary's East,822.0,4.65693,51293
Mémé Mediterranean,760.0,4.72632,45003
REUNION,734.0,4.71117,6043
Northern Soul,725.0,4.65379,42404
The Ryerson,701.0,4.68759,8247
Hamilton Pork,672.0,4.69643,3144
Porchlight,657.0,4.67123,50808
Fasano Restaurant New York,641.0,4.73947,58119
Aperitivo,639.0,4.67293,51696
Chela,636.0,4.68082,39821
Stone Park Cafe,585.0,4.74017,3819
Wenwen,567.0,4.70194,59536
Achilles Heel,525.0,4.73714,37294
Cask Bar + Kitchen,510.0,4.67059,10582
MyMoon Restaurant & Events Venue,503.0,4.69781,3103
Graziella's Restaurant & Wood Burning Pizza,500.0,4.724,6748
Sweet Polly,498.0,4.74498,4108
Stingray Lounge,494.0,4.68016,47250
Beyond Sushi,489.0,4.7362,42570
Jukai,480.0,4.68333,9594
Banc Cafe,476.0,4.72269,50425
Olivier Bistro,466.0,4.70601,6272
Gabriel Kreuther,437.0,4.67963,10401
The Chemistry Room by Sushi Lab,424.0,4.73113,54290
Casa Enrique,421.0,4.73159,58337
Mizu Sushi,411.0,4.67153,32915
La Boheme-Hoboken,373.0,4.68633,58572
Negril BK,368.0,4.72283,58756
The Parlour Room,367.0,4.71935,54644
Eyval,355.0,4.73803,59419
Elmo,351.0,4.68946,55520
The Lambs Club,341.0,4.68622,55519
Tørst,331.0,4.7432,37836
Eavesdrop,316.0,4.74367,58369
Little Choc Apothecary,315.0,4.66984,1471
Amami Bar & Restaurant,292.0,4.66438,6771
Ada's Place,281.0,4.66548,3034
Cho Dang Gol,274.0,4.74818,28422
Coast and Valley,272.0,4.73162,6163
TOWA,270.0,4.67037,59063
TailGate Outdoor Sports Bar,268.0,4.67537,45009
Grand Vin,264.0,4.68939,58797
Mojo Omakase,264.0,4.68939,56588
Fort Defiance,260.0,4.70385,1375
Cote,257.0,4.7393,35676
Kaiseki Room By Yamada,232.0,4.66379,54576
ENSENADA,232.0,4.73276,10380
Tir Na Nog Bar and Grill,225.0,4.67111,54364
Chez Zou,221.0,4.70588,59618
Chickie's,183.0,4.66667,54532
Bogota Latin Bistro,175.0,4.65143,58525
Chola Restaurant,167.0,4.69461,54355
Souvlaki GR Midtown,166.0,4.66867,8238
Pilar Cuban Restaurant,165.0,4.71515,43108
Sushi Blossoms,160.0,4.71875,59048
OTB,144.0,4.65972,33092
Greenwood Park,141.0,4.68794,27001
Cooper's Craft and Cocktails: Chelsea,138.0,4.67391,43199
Hummus Kitchen - Hell's Kitchen,121.0,4.70248,49385
Zack's Restaurant,104.0,4.73077,59956
Allswell,103.0,4.69903,39366
Ipanema Restaurant,88.0,4.67045,53412
Medusa Greek Tavern,85.0,4.68235,55508
Feile,70.0,4.65714,51225
La Devozione,65.0,4.66154,55740
baba cool,64.0,4.67188,29268
Birds of a Feather,58.0,4.74138,63241
Concord Hill,52.0,4.67308,4457
OMOMO,51.0,4.66667,10018
Sicily,48.0,4.70833,60608
Bar Orai,42.0,4.69048,60411
Bluestone Lane - Manhattan West,40.0,4.65,26719
Zou Zou's,34.0,4.67647,59617
Wollensky's Grill,33.0,4.69697,60691
ammazzacaffè,32.0,4.65625,60283
Motorino - Williamsburg,29.0,4.68966,54378
Creatures of All Kind,21.0,4.66667,60775
Beyond Meat & Gregorys - 6th Ave,18.0,4.66667,46978
The Beyond Meatball™ Shop NYC,17.0,4.70588,34733
Northern Bell,14.0,4.71429,58252
Barbounia,12.0,4.66667,60357
Cedric's At The Shed,11.0,4.72727,59551
Peakaboo,10.0,4.7,60380
Hummus Market,2.0,5.0,52785
Flatiron Wines & Spirits,1.0,5.0,27175
New Wonjo,1.0,5.0,10305
The Water Hazard Bar + Lounge,,5.0,52668
Neighborhood Hero Season Pass,,5.0,5231
Dickson's Farmstand Meats,,5.0,51237
Sunday in Brooklyn / Williamsburg,16197.0,4.58949,756
Estiatorio Milos Hudson Yards,8238.0,4.58874,4970
Marta,7702.0,4.64581,3287
Upland,6998.0,4.60246,8338
L'Avenue at Saks,6351.0,4.59203,4707
La Pecora Bianca - Nomad,5996.0,4.58806,26699
Faun,5940.0,4.59882,591
Sushi Yasuda,5635.0,4.64508,3770
Barano,5135.0,4.63369,612
Debajo,4695.0,4.623,1540
Cosme,4301.0,4.59893,35675
"PLANTA Queen, New York",4169.0,4.64356,51656
Tacombi - Flatiron,3856.0,4.55005,108
Whitney Studio Bar,3526.0,4.61628,4341
TAK Room,3296.0,4.62439,3625
Marlow and Sons,3170.0,4.60599,417
Mark's Off Madison,2718.0,4.6365,42398
Grand Army,2716.0,4.62077,1317
Otway,2554.0,4.5971,976
La Bonne Soupe,2529.0,4.62317,7043
Bricolage,2444.0,4.58429,5352
La Pecora Bianca - Bryant Park,2330.0,4.57296,9982
Red Hook Lobster Pound,1982.0,4.62765,1292
Boqueria Flatiron,1845.0,4.58374,27218
Yakitori Nonono,1754.0,4.64253,28460
Dinosaur Bar-B-Que - Brooklyn,1742.0,4.59931,3889
Lamalo,1503.0,4.56354,6511
Dino,1465.0,4.61229,2011
Lodi,1457.0,4.59025,53142
Strangeways,1407.0,4.61194,29262
Public Records,1356.0,4.60988,5914
