Jonathan Taylor,
Ja'Marr Chase,
Tyler Lockett,
D'Andre Swift,
Davante Adams,
Stefon Diggs,
Travis Kelce,
Aaron Jones,
Nick Chubb,
Deebo Samuel,
Alvin Kamara,
Javonte Williams,
Christian McCaffrey,
Tyreek Hill,
CeeDee Lamb,
Mark Andrews,
Josh Allen,
Leonard Fournette,
Mike Evans,
Tee Higgins,
David Montgomery,
A.J. Brown,
James Conner,
Austin Ekeler,
Saquon Barkley,
Keenan Allen,
Cam Akers,
Patrick Mahomes,
Kyle Pitts,
Ezekiel Elliott,
Josh Jacobs,
D.J. Moore,
Justin Herbert,
Breece Hall,
Derrick Henry,
Michael Pittman Jr.,
Jaylen Waddle,
J.K. Dobbins,
Darren Waller,
Diontae Johnson,
Elijah Mitchell,
Travis Etienne,
Terry McLaurin,
George Kittle,
Lamar Jackson,
Cooper Kupp,
Darnell Mooney,
Brandin Cooks,
D.K. Metcalf,
Marquise Brown,
Damien Harris,
Amon-Ra St. Brown,
Chris Godwin,
A.J. Dillon,
Jalen Hurts,
Jerry Jeudy,
Dalvin Cook,
Allen Robinson,
Kyler Murray,
Dalton Schultz,
Courtland Sutton,
Mike Williams,
Tom Brady,
Joe Burrow,
T.J. Hockenson,
Amari Cooper,
Gabriel Davis,
Justin Jefferson,
Antonio Gibson,
Clyde Edwards-Helaire,
Michael Thomas,
Adam Thielen,
Miles Sanders,
Tony Pollard,
JuJu Smith-Schuster,
Dak Prescott,
Cordarrelle Patterson,
Najee Harris,
Hunter Renfrow,
Rashaad Penny,
Russell Wilson,
Devin Singletary,
Dallas Goedert,
Kareem Hunt,
Rashod Bateman,
DeAndre Hopkins,
Matthew Stafford,
Rhamondre Stevenson,
Joe Mixon,
Ken Walker III,
Aaron Rodgers,
Zach Ertz,
DeVonta Smith,
Chase Edmonds,
Brandon Aiyuk,
Derek Carr,
Pat Freiermuth,
Melvin Gordon III,
Robert Woods,
